,TSLA,BND,SPY,Expected Return,Volatility,Sharpe Ratio
Max Sharpe (recommended),0.0,0.54674,0.45326,0.07354840641537755,0.0866183165291644,0.8491091649260326
Min Volatility,0.0,0.9454,0.0546,0.025774201133182247,0.05127618570840877,0.5026544150485737
