,MAE,RMSE,MAPE (%)
ARIMA,54.151953,70.196786,17.112171
LSTM,17.220945657372177,21.344020050046538,4.6027436488830675
